K Folds,Accuracy
1,0.669428587
2,0.636571407
3,0.614000022
4,0.562857151
5,0.524571419
6,0.503428578
7,0.494285703
8,0.460000008
9,0.458571434
10,0.431428581
