K Folds,Accuracy
1,34.91428571
2,32.74285714
3,28.14285714
4,24.94285714
5,24.25714286
6,22.8
7,20.82857143
8,21.02857143
9,22.14285714
10,21.42857143
